api,version_source,database,format
https://nanbyodata.jp/rdf/ontology/hp,/opt/services/case/virtuoso/data/nanbyodata/ontologies/hp/latest/hp.owl,'Human Phenotype Ontology',<owl:versionIRI rdf:resource="http://purl.obolibrary.org/obo/hp/releases/([0-9]{4}-[0-9]{2}-[0-9]{2})/hp.owl"/>
https://nanbyodata.jp/rdf/medgen,/opt/services/case/virtuoso/data/medgen_rdf/latest/metadata.yaml,'MedGen',issued: ([0-9]{4}-[0-9]{2}-[0-9]{2})
https://nanbyodata.jp/rdf/mgend,,'MGeND',APIで取得
https://nanbyodata.jp/rdf/ontology/mondo,/opt/services/case/virtuoso/data/nanbyodata/ontologies/mondo/latest/mondo.owl,'Mondo Disease Ontology',<owl:versionIRI rdf:resource="http://purl.obolibrary.org/obo/mondo/releases/([0-9]{4}-[0-9]{2}-[0-9]{2})/mondo.owl"/>
https://nanbyodata.jp/rdf/ontology/mp,/opt/services/case/virtuoso/data/nanbyodata/ontologies/mp/latest/mp-international.owl,'Mammalian Phenotype Ontology',<owl:versionIRI rdf:resource="http://purl.obolibrary.org/obo/mp/releases/([0-9]{4}-[0-9]{2}-[0-9]{2})/mp-international.owl"/>
https://nanbyodata.jp/rdf/ontology/nando,/opt/services/case/virtuoso/data/nanbyodata/ontologies/nando/latest/nando.ttl,'Nanbyo Disease Ontology',owl:versionIRI "https://nanbyodata.jp/ontology/([0-9]{4}-[0-9]{2}-[0-9]{2})/nando.ttl" ;
https://nanbyodata.jp/rdf/ontology/ordo,/opt/services/case/virtuoso/data/nanbyodata/ontologies/ordo/latest/ORDO_en_4.6.owl,'',<!-- Generated by the OWL API (version [0-9]+.([0-9]{4}-[0-9]{2}-[0-9]{2})T*) https://github.com/owlcs/owlapi/ -->
https://nanbyodata.jp/rdf/pcf,,'',APIで取得
https://nanbyodata.jp/rdf/nanbyodata,,'',APIで取得
